login,full_name,created_at,stargazers_count,watchers_count,language,has_projects,has_wiki,license_name
,nan/cannonsmash,2021-12-07T05:38:40Z,0,0,C++,True,True,
,nan/cannonsmash,2021-12-07T05:38:40Z,0,0,C++,True,True,
,nan/cannonsmash,2021-12-07T05:38:40Z,0,0,C++,True,True,
,nan/cannonsmash,2021-12-07T05:38:40Z,0,0,C++,True,True,
,nan/cannonsmash,2021-12-07T05:38:40Z,0,0,C++,True,True,
,nan/cannonsmash,2021-12-07T05:38:40Z,0,0,C++,True,True,
,nan/cannonsmash,2021-12-07T05:38:40Z,0,0,C++,True,True,
,nan/cannonsmash,2021-12-07T05:38:40Z,0,0,C++,True,True,
,nan/cannonsmash,2021-12-07T05:38:40Z,0,0,C++,True,True,
,nan/cannonsmash,2021-12-07T05:38:40Z,0,0,C++,True,True,
,nan/cannonsmash,2021-12-07T05:38:40Z,0,0,C++,True,True,
,nan/cannonsmash,2021-12-07T05:38:40Z,0,0,C++,True,True,
,nan/cannonsmash,2021-12-07T05:38:40Z,0,0,C++,True,True,
,nan/cannonsmash,2021-12-07T05:38:40Z,0,0,C++,True,True,
,nan/cannonsmash,2021-12-07T05:38:40Z,0,0,C++,True,True,
,nan/cannonsmash,2021-12-07T05:38:40Z,0,0,C++,True,True,
,nan/cannonsmash,2021-12-07T05:38:40Z,0,0,C++,True,True,
,nan/cannonsmash,2021-12-07T05:38:40Z,0,0,C++,True,True,
,nan/cannonsmash,2021-12-07T05:38:40Z,0,0,C++,True,True,
,nan/cannonsmash,2021-12-07T05:38:40Z,0,0,C++,True,True,
,nan/cannonsmash,2021-12-07T05:38:40Z,0,0,C++,True,True,
,nan/cannonsmash,2021-12-07T05:38:40Z,0,0,C++,True,True,
,nan/cannonsmash,2021-12-07T05:38:40Z,0,0,C++,True,True,
,nan/cannonsmash,2021-12-07T05:38:40Z,0,0,C++,True,True,
,nan/cannonsmash,2021-12-07T05:38:40Z,0,0,C++,True,True,
,nan/cannonsmash,2021-12-07T05:38:40Z,0,0,C++,True,True,
,nan/cannonsmash,2021-12-07T05:38:40Z,0,0,C++,True,True,
,nan/cannonsmash,2021-12-07T05:38:40Z,0,0,C++,True,True,
,nan/cannonsmash,2021-12-07T05:38:40Z,0,0,C++,True,True,
,nan/cannonsmash,2021-12-07T05:38:40Z,0,0,C++,True,True,
,nan/cannonsmash,2021-12-07T05:38:40Z,0,0,C++,True,True,
,nan/cannonsmash,2021-12-07T05:38:40Z,0,0,C++,True,True,
,nan/cannonsmash,2021-12-07T05:38:40Z,0,0,C++,True,True,
,nan/cannonsmash,2021-12-07T05:38:40Z,0,0,C++,True,True,
,nan/cannonsmash,2021-12-07T05:38:40Z,0,0,C++,True,True,
,nan/cannonsmash,2021-12-07T05:38:40Z,0,0,C++,True,True,
,nan/cannonsmash,2021-12-07T05:38:40Z,0,0,C++,True,True,
,nan/cannonsmash,2021-12-07T05:38:40Z,0,0,C++,True,True,
,nan/cannonsmash,2021-12-07T05:38:40Z,0,0,C++,True,True,
,nan/cannonsmash,2021-12-07T05:38:40Z,0,0,C++,True,True,
,nan/cannonsmash,2021-12-07T05:38:40Z,0,0,C++,True,True,
,nan/cannonsmash,2021-12-07T05:38:40Z,0,0,C++,True,True,
,nan/cannonsmash,2021-12-07T05:38:40Z,0,0,C++,True,True,
,nan/cannonsmash,2021-12-07T05:38:40Z,0,0,C++,True,True,
,nan/cannonsmash,2021-12-07T05:38:40Z,0,0,C++,True,True,
,nan/cannonsmash,2021-12-07T05:38:40Z,0,0,C++,True,True,
,nan/cannonsmash,2021-12-07T05:38:40Z,0,0,C++,True,True,
,nan/cannonsmash,2021-12-07T05:38:40Z,0,0,C++,True,True,
,nan/cannonsmash,2021-12-07T05:38:40Z,0,0,C++,True,True,
,nan/cannonsmash,2021-12-07T05:38:40Z,0,0,C++,True,True,
,nan/cannonsmash,2021-12-07T05:38:40Z,0,0,C++,True,True,
,nan/cannonsmash,2021-12-07T05:38:40Z,0,0,C++,True,True,
,nan/cannonsmash,2021-12-07T05:38:40Z,0,0,C++,True,True,
,nan/cannonsmash,2021-12-07T05:38:40Z,0,0,C++,True,True,
,nan/cannonsmash,2021-12-07T05:38:40Z,0,0,C++,True,True,
,nan/cannonsmash,2021-12-07T05:38:40Z,0,0,C++,True,True,
,nan/cannonsmash,2021-12-07T05:38:40Z,0,0,C++,True,True,
,nan/cannonsmash,2021-12-07T05:38:40Z,0,0,C++,True,True,
,nan/cannonsmash,2021-12-07T05:38:40Z,0,0,C++,True,True,
